"age","year","sex","n","mean_smoke_freq","mean_drink_freq","mean_social_media","mean_online_hrs","mean_sdq_conduct","mean_sdq_emotion","mean_sdq_hyperact","mean_sdq_peers","mean_sdq_prosocial","mean_sdq_total","mean_health","mean_disability","mean_happiness_index","mean_parent_index","mean_sib_index","mean_selfesteem_index","mean_tvhrs_index","mean_leisure_index"
10,2010,"Female",395,1.42857142857143,0.0487179487179487,0.416893732970027,1.3,2.16624040920716,3.31457800511509,3.8542199488491,2,8.58312020460358,11.3350383631714,NA,NA,6.0842194092827,2.89289330922242,3.10272208298524,NA,1.92030848329049,3.57760814249364
10,2010,"Male",405,1.33333333333333,0.055,0.305630026809651,1.16666666666667,2.71859296482412,2.82663316582915,4.33165829145729,2.03768844221106,7.575,11.9145728643216,NA,NA,5.975682382134,2.88344503233392,3.02760963142319,NA,1.90570719602978,3.84119106699752
11,2010,"Female",432,1,0.0401891252955083,0.559405940594059,1.40265486725664,1.96948356807512,2.75117370892019,3.52582159624413,1.58588235294118,8.30117647058823,9.84470588235294,NA,NA,6.12573643410853,2.85267373770854,3.2623822088202,NA,1.9953488372093,3.42388758782201
11,2010,"Male",397,2.5,0.119480519480519,0.493112947658402,1.24719101123595,2.68765743073048,2.66414141414141,4.32997481108312,2.06045340050378,7.5264483627204,11.75,NA,NA,5.94777497900924,2.83255367638239,3.00552599263201,NA,1.83291139240506,3.80661577608142
12,2010,"Female",380,2.55555555555556,0.140583554376658,0.75414364640884,1.61904761904762,2.02925531914894,3.01856763925729,3.77718832891247,1.48806366047745,7.97612732095491,10.2845744680851,NA,NA,5.93535087719298,2.82035087719298,3.14638630600169,NA,1.99208443271768,3.4
12,2010,"Male",418,1.33333333333333,0.175182481751825,0.60253164556962,1.28991596638655,2.41927710843374,2.30602409638554,4.23132530120482,1.68192771084337,7.20673076923077,10.6207729468599,NA,NA,5.88249400479616,2.79622351332878,3.1400633640553,NA,1.90361445783133,3.73975903614458
13,2010,"Female",423,2,0.342105263157895,0.83495145631068,1.78717201166181,2.07875894988067,3.19570405727924,3.95933014354067,1.54892601431981,7.89498806682578,10.799043062201,NA,NA,5.7756927949327,2.77753574242936,3.21214607464607,NA,2.03317535545024,3.11510791366907
13,2010,"Male",428,1.8,0.350588235294118,0.773399014778325,1.43630573248408,2.62232779097387,2.19002375296912,4.1187648456057,1.68408551068884,6.9501187648456,10.6152019002375,NA,NA,5.80931142410016,2.78174232309746,3.14681484295846,NA,1.84470588235294,3.69811320754717
14,2010,"Female",418,2.94230769230769,0.567632850241546,0.878712871287129,1.81408450704225,2.27511961722488,3.3133971291866,4.10287081339713,1.7200956937799,7.75837320574163,11.4114832535885,NA,NA,5.60454545454545,2.753668261563,3.08339034205231,NA,1.95215311004785,2.80815347721823
14,2010,"Male",380,2.32432432432432,0.549333333333333,0.801675977653631,1.52447552447552,2.50134048257373,2.07219251336898,4.24866310160428,1.60427807486631,6.79411764705882,10.4423592493298,NA,NA,5.74462081128748,2.72325187969925,3.19547109363623,NA,1.85676392572944,3.51458885941645
15,2010,"Female",415,2.60493827160494,0.922141119221411,0.884130982367758,1.8,2.15458937198068,3.4818401937046,4.01937046004843,1.67796610169492,7.88192771084337,11.3389830508475,NA,NA,5.55649717514124,2.77313253012048,3.09274360033031,NA,1.99277108433735,2.65060240963855
15,2010,"Male",408,2.78947368421053,0.8675,0.871536523929471,1.65507246376812,2.32587064676617,2.19900497512438,4.15671641791045,1.82338308457711,6.99502487562189,10.5049751243781,NA,NA,5.7166253101737,2.72987861811391,3.26300233966419,NA,1.84313725490196,3.48267326732673
10,2011,"Female",369,1.33333333333333,0.0810810810810811,0.452574525745257,1.25454545454545,NA,NA,NA,NA,NA,NA,4.04407713498623,NA,6.13753424657534,3.21138211382114,NA,3.16121058777735,2.14092140921409,1.6850887707595
10,2011,"Male",387,1.25,0.140776699029126,0.45974025974026,1.17045454545455,NA,NA,NA,NA,NA,NA,4.01832460732984,NA,5.97452504317789,3.32558139534884,NA,3.17587425595238,2.17357512953368,1.67162441401431
11,2011,"Female",398,1.66666666666667,0.111675126903553,0.64735516372796,1.35546875,NA,NA,NA,NA,NA,NA,3.88636363636364,NA,6.03930976430976,3.22418136020151,NA,3.18705132806892,2.23425692695214,1.6506370833197
11,2011,"Male",456,2.3,0.125,0.520879120879121,1.22784810126582,NA,NA,NA,NA,NA,NA,3.93777777777778,NA,5.93582966226138,3.25991189427313,NA,3.15703819989534,2.28021978021978,1.60836734693878
12,2011,"Female",450,1.16666666666667,0.232931726907631,0.786666666666667,1.60511363636364,NA,NA,NA,NA,NA,NA,3.81026785714286,NA,5.98497023809524,3.15212527964206,NA,3.14002380952381,2.26777777777778,1.58868650793651
12,2011,"Male",427,1.4,0.266129032258065,0.737089201877934,1.28662420382166,NA,NA,NA,NA,NA,NA,3.87028301886792,NA,5.91244131455399,3.18823529411765,NA,3.17325078616352,2.31967213114754,1.54101641917801
13,2011,"Female",413,1.58064516129032,0.492424242424242,0.854721549636804,1.74074074074074,NA,NA,NA,NA,NA,NA,3.60098522167488,NA,5.77961165048544,3.18004866180049,NA,3.06282716476421,2.26634382566586,1.5729017149114
13,2011,"Male",460,1.73809523809524,0.482758620689655,0.805676855895197,1.40489130434783,NA,NA,NA,NA,NA,NA,3.73951434878587,NA,5.82657952069717,3.13186813186813,NA,3.17094144003334,2.35185185185185,1.52223845114129
14,2011,"Female",441,2.5,0.789968652037618,0.891156462585034,1.89540816326531,NA,NA,NA,NA,NA,NA,3.5675057208238,NA,5.70151171579743,3.0250569476082,NA,3.00926406926407,2.26643990929705,1.53403083028083
14,2011,"Male",408,1.78461538461538,0.778169014084507,0.877149877149877,1.5266106442577,NA,NA,NA,NA,NA,NA,3.80693069306931,NA,5.77434318555008,3.13546798029557,NA,3.21133146133146,2.3009828009828,1.50646443714626
15,2011,"Female",416,2.73076923076923,1.13213213213213,0.932530120481928,1.8860103626943,NA,NA,NA,NA,NA,NA,3.42130750605327,NA,5.56402243589744,2.96385542168675,NA,2.98172590292156,2.18629807692308,1.50245123350545
15,2011,"Male",393,2.46835443037975,1.15151515151515,0.877237851662404,1.64619883040936,NA,NA,NA,NA,NA,NA,3.76227390180879,NA,5.71973572037511,2.94132653061225,NA,3.16772959183673,2.32270408163265,1.42638320438065
10,2012,"Female",365,5,0.134920634920635,0.744505494505495,0.616236162361624,1.78729281767956,2.76795580110497,3.25138121546961,1.60055096418733,8.68595041322314,9.40331491712707,NA,NA,6.24912523020258,2.90238747553816,3.24018661518662,NA,1.8958904109589,NA
10,2012,"Male",355,1.7,0.1953125,0.676056338028169,0.6375,2.44475920679887,2.48725212464589,4.20396600566572,2.07692307692308,7.85552407932011,11.1851851851852,NA,NA,6.00821529745043,2.86125419181757,3.10244750073943,NA,1.78591549295775,NA
11,2012,"Female",335,1.63636363636364,0.193798449612403,0.775449101796407,0.938223938223938,1.89253731343284,2.87164179104478,3.33832335329341,1.60597014925373,8.46567164179105,9.70359281437126,NA,NA,6.11278952668681,2.8216986496091,3.16529152915292,NA,1.93393393393393,NA
11,2012,"Male",350,1.71428571428571,0.3125,0.762857142857143,0.887640449438202,2.38904899135447,2.42363112391931,3.92795389048991,1.89913544668588,7.56195965417867,10.6397694524496,NA,NA,5.9864553314121,2.93077551020408,3.04919032830524,NA,1.82234957020057,NA
12,2012,"Female",374,1.63157894736842,0.25,0.871657754010695,1.31076923076923,2.02710027100271,3.11653116531165,3.82384823848238,1.57994579945799,8.16711590296496,10.5474254742547,NA,NA,5.83570151921358,2.81708683473389,3.23101990049751,NA,1.98118279569892,NA
12,2012,"Male",406,2.41666666666667,0.372781065088757,0.857142857142857,1.07225433526012,2.40493827160494,2.25432098765432,4.2320987654321,1.70864197530864,7.2716049382716,10.6,NA,NA,5.9299504950495,2.77700562983814,3.16318187652419,NA,1.80940594059406,NA
13,2012,"Female",366,1.78571428571429,0.417910447761194,0.92896174863388,1.57988165680473,2.06284153005464,3.15300546448087,3.70765027322404,1.4672131147541,7.89344262295082,10.3907103825137,NA,NA,5.76703196347032,2.74199193338538,3.17648351648352,NA,2.0327868852459,NA
13,2012,"Male",364,1.71428571428571,0.424581005586592,0.931318681318681,1.23372781065089,2.25414364640884,2.26243093922652,4.00276243093923,1.67403314917127,7.07734806629834,10.1933701657459,NA,NA,5.90686813186813,2.75554683411826,3.21280214213345,NA,1.79945054945055,NA
14,2012,"Female",379,2.38461538461538,0.74468085106383,0.910290237467018,1.72173913043478,1.9867374005305,3.47214854111406,3.67287234042553,1.55437665782493,7.94694960212202,10.7021276595745,NA,NA,5.65543766578249,2.7536248272396,3.20248630425622,NA,1.92307692307692,NA
14,2012,"Male",397,2.21818181818182,0.773809523809524,0.929292929292929,1.4441416893733,2.15989847715736,2.03553299492386,3.93401015228426,1.70812182741117,6.91878172588832,9.83756345177665,NA,NA,5.80322307039864,2.68939393939394,3.30875050875051,NA,1.76515151515152,NA
15,2012,"Female",387,2.44444444444444,1.05054151624549,0.945736434108527,1.75409836065574,1.9974025974026,3.66321243523316,3.88311688311688,1.65025906735751,7.98445595854922,11.1666666666667,NA,NA,5.63583765112263,2.7212870677987,3.29576218242399,NA,1.95336787564767,NA
15,2012,"Male",349,2.31506849315068,1.06299212598425,0.956896551724138,1.54380664652568,2.41329479768786,2.10951008645533,4.09798270893372,1.67341040462428,7.06666666666667,10.2947976878613,NA,NA,5.81053639846743,2.70665848001092,3.25434106763725,NA,1.80172413793103,NA
10,2013,"Female",310,1,0.0375,0.4,1.17741935483871,NA,NA,NA,NA,NA,NA,4.00328947368421,NA,6.0952688172043,3.23051948051948,NA,3.20176452458006,2.08469055374593,1.64806156209382
10,2013,"Male",291,1.5,0.0928571428571429,0.41522491349481,1.325,NA,NA,NA,NA,NA,NA,3.88111888111888,NA,6.0049255441008,3.32413793103448,NA,3.11638361638362,2.24570446735395,1.66166832586693
11,2013,"Female",341,1,0.0913978494623656,0.530791788856305,1.34444444444444,NA,NA,NA,NA,NA,NA,3.96142433234421,NA,6.1543756145526,3.22941176470588,NA,3.23330860534125,2.16470588235294,1.6133547008547
11,2013,"Male",352,1.5,0.0899470899470899,0.481375358166189,1.04761904761905,NA,NA,NA,NA,NA,NA,3.91304347826087,NA,6.01035137701804,3.30945558739255,NA,3.17910851122058,2.21082621082621,1.52826923076923
12,2013,"Female",312,1.28571428571429,0.147540983606557,0.688102893890675,1.44600938967136,NA,NA,NA,NA,NA,NA,3.9025974025974,NA,5.91613247863248,3.20257234726688,NA,3.15254172408513,2.23397435897436,1.55049954065227
12,2013,"Male",339,1,0.161904761904762,0.650887573964497,1.09633027522936,NA,NA,NA,NA,NA,NA,3.86826347305389,NA,5.95545722713864,3.21533923303835,NA,3.22013180272109,2.26775147928994,1.54813102324263
13,2013,"Female",355,1.75,0.360655737704918,0.867231638418079,1.63606557377049,NA,NA,NA,NA,NA,NA,3.59770114942529,NA,5.62269303201507,3.12215909090909,NA,3.04315900149233,2.20762711864407,1.50081950627276
13,2013,"Male",373,1.47368421052632,0.323529411764706,0.803763440860215,1.34563758389262,NA,NA,NA,NA,NA,NA,3.86141304347826,NA,5.82141577060932,3.22311827956989,NA,3.19050207039338,2.30026809651475,1.48691636066636
14,2013,"Female",348,2.2,0.607843137254902,0.876436781609195,1.78032786885246,NA,NA,NA,NA,NA,NA,3.51734104046243,NA,5.56834291187739,2.95689655172414,NA,3.01576094414711,2.27155172413793,1.41876972691094
14,2013,"Male",341,2.1,0.591269841269841,0.86217008797654,1.38775510204082,NA,NA,NA,NA,NA,NA,3.84036144578313,NA,5.80122189638319,3.12647058823529,NA,3.21879021879022,2.19264705882353,1.41852523098792
15,2013,"Female",335,2.60606060606061,0.969230769230769,0.919402985074627,1.83766233766234,NA,NA,NA,NA,NA,NA,3.53474320241692,NA,5.51991991991992,3.01197604790419,NA,2.99053678357571,2.13582089552239,1.40619722094273
15,2013,"Male",347,2.14,0.978102189781022,0.898550724637681,1.49514563106796,NA,NA,NA,NA,NA,NA,3.78466076696165,NA,5.7328530259366,3.01734104046243,NA,3.19985250737463,2.28405797101449,1.37145133053221
16,2013,"Male",1,NA,0,1,2,NA,NA,NA,NA,NA,NA,4,NA,5.83333333333333,3,NA,3.375,2.5,1.2
10,2014,"Female",252,NA,1.15789473684211,0.384920634920635,1.19587628865979,1.9344262295082,2.75409836065574,3.60493827160494,1.6516393442623,8.52868852459016,9.93827160493827,NA,NA,6.20673333333333,2.87317397078353,3.13977272727273,NA,1.76190476190476,NA
10,2014,"Male",302,2.5,0.823529411764706,0.317880794701987,1.06315789473684,2.44520547945205,2.68150684931507,4.2945205479452,1.95205479452055,7.86643835616438,11.3732876712329,NA,NA,6.08829431438127,2.89500946073794,3.09785366701425,NA,1.75083056478405,NA
11,2014,"Female",284,2.66666666666667,0.764705882352941,0.573943661971831,1.3680981595092,1.91636363636364,2.99636363636364,3.45454545454545,1.66181818181818,8.46909090909091,10.0290909090909,NA,NA,6.03457008244994,2.91078973843058,3.19109160613398,NA,1.80782918149466,NA
11,2014,"Male",278,1.33333333333333,0.75,0.530909090909091,1.26027397260274,2.34686346863469,2.27306273062731,4.03690036900369,1.90036900369004,7.62361623616236,10.5571955719557,NA,NA,6.00157575757576,2.86472408457968,3.14464285714286,NA,1.77536231884058,NA
12,2014,"Female",337,2.25,0.755102040816326,0.709580838323353,1.54042553191489,1.85151515151515,2.98787878787879,3.6,1.61818181818182,8.22121212121212,10.0575757575758,NA,NA,5.96328358208955,2.81821853741497,3.22201961770624,NA,1.88023952095808,NA
12,2014,"Male",328,1.80952380952381,0.931818181818182,0.584615384615385,1.3015873015873,2.24126984126984,2.2952380952381,3.91746031746032,1.93650793650794,7.42222222222222,10.3904761904762,NA,NA,5.97760736196319,2.82386049220912,3.17747724089636,NA,1.7469512195122,NA
13,2014,"Female",305,1.86666666666667,0.887323943661972,0.855263157894737,1.75384615384615,1.9,3.4,3.70344827586207,1.71034482758621,8.00687285223368,10.7137931034483,NA,NA,5.70323464912281,2.79831381733021,3.25631533101045,NA,1.91776315789474,NA
13,2014,"Male",319,2.29411764705882,0.789473684210526,0.785488958990536,1.37751004016064,2.22977346278317,2.12621359223301,4.04854368932039,1.77993527508091,7.11974110032362,10.1844660194175,NA,NA,5.85699263932702,2.74793252724287,3.20248501498501,NA,1.82965299684543,NA
14,2014,"Female",304,2.08571428571429,1.08870967741935,0.930693069306931,1.95357142857143,2.13,3.90333333333333,3.99666666666667,1.98,7.95333333333333,12.01,NA,NA,5.36124031007752,2.75049342105263,3.14094502665931,NA,1.88815789473684,NA
14,2014,"Male",345,2.39473684210526,0.829931972789116,0.868035190615836,1.4641638225256,2.28787878787879,2.17272727272727,4.03030303030303,1.84545454545455,6.99393939393939,10.3363636363636,NA,NA,5.74707602339181,2.66553848283499,3.24129114733142,NA,1.72434017595308,NA
15,2014,"Female",315,2.6078431372549,1.14736842105263,0.910828025477707,1.89752650176678,1.81967213114754,3.68852459016393,3.71803278688525,1.78688524590164,8.04918032786885,11.0131147540984,NA,NA,5.47545551982851,2.73842781557067,3.24934860736748,NA,1.92698412698413,NA
15,2014,"Male",286,2.20512820512821,1.18987341772152,0.903571428571429,1.49206349206349,2.02909090909091,2.22181818181818,3.87272727272727,1.77818181818182,6.91636363636364,9.90181818181818,NA,NA,5.82656065959953,2.71897269397269,3.31276595744681,NA,1.73239436619718,NA
10,2015,"Female",276,2.2,0.0133333333333333,0.367272727272727,1.30693069306931,NA,NA,NA,NA,NA,NA,4.06227106227106,NA,6.13121980676329,3.14492753623188,NA,3.23408225108225,2.09782608695652,1.59772127027562
10,2015,"Male",236,2.4,0.031496062992126,0.333333333333333,1.19736842105263,NA,NA,NA,NA,NA,NA,4.02586206896552,NA,5.94259259259259,3.21367521367521,NA,3.13892603850051,2.17381974248927,1.59510814632637
11,2015,"Female",258,2.8,0.102409638554217,0.593625498007968,1.23648648648649,NA,NA,NA,NA,NA,NA,3.99604743083004,NA,6.10833333333333,3.31889763779528,NA,3.2393322172619,2.07392996108949,1.57793200017037
11,2015,"Male",318,1.66666666666667,0.135294117647059,0.498392282958199,1.24675324675325,NA,NA,NA,NA,NA,NA,4.01602564102564,NA,6.03783068783069,3.16825396825397,NA,3.21504294755877,2.22870662460568,1.54679538552165
12,2015,"Female",272,2.28571428571429,0.119318181818182,0.769811320754717,1.62254901960784,NA,NA,NA,NA,NA,NA,3.77153558052434,NA,5.85928659286593,3.14869888475836,NA,3.11613951853804,2.11111111111111,1.50012257290035
12,2015,"Male",258,2.45454545454545,0.162162162162162,0.604743083003953,1.36423841059603,NA,NA,NA,NA,NA,NA,3.9765625,NA,5.87687338501292,3.2015503875969,NA,3.18941541597184,2.28100775193798,1.44267081432779
13,2015,"Female",326,1.47619047619048,0.271111111111111,0.843558282208589,1.73161764705882,NA,NA,NA,NA,NA,NA,3.79076923076923,NA,5.68646153846154,3.12307692307692,NA,3.02580704060765,2.13846153846154,1.43026884924891
13,2015,"Male",323,1.4375,0.229357798165138,0.722397476340694,1.28318584070796,NA,NA,NA,NA,NA,NA,3.85534591194969,NA,5.84540763673891,3.16719242902208,NA,3.18178534571723,2.20278637770898,1.41154257249458
14,2015,"Female",296,2.44117647058824,0.52803738317757,0.85958904109589,1.90725806451613,NA,NA,NA,NA,NA,NA,3.56122448979592,NA,5.52011299435028,3.08904109589041,NA,2.98537819889861,2.21938775510204,1.35745322944475
14,2015,"Male",306,2.21428571428571,0.580645161290323,0.817275747508306,1.59751037344398,NA,NA,NA,NA,NA,NA,3.875,NA,5.83807189542484,3.05280528052805,NA,3.18994535519126,2.19572368421053,1.41471906361612
15,2015,"Female",279,2.42857142857143,0.907317073170732,0.935018050541516,2.109375,NA,NA,NA,NA,NA,NA,3.45487364620939,NA,5.28076463560335,2.99640287769784,NA,2.90663509131251,2.1415770609319,1.30982725458532
15,2015,"Male",313,2.36363636363636,0.921161825726141,0.893203883495146,1.55762081784387,NA,NA,NA,NA,NA,NA,3.81672025723473,NA,5.64014909478168,3.01597444089457,NA,3.1648790506618,2.19009584664537,1.4199564191577
10,2016,"Female",284,NA,0.272727272727273,0.372759856630824,1.34579439252336,1.89752650176678,2.91166077738516,3.63250883392226,1.87279151943463,8.52650176678445,10.3144876325088,NA,NA,6.15469483568075,2.87665157612341,3.24474051339286,NA,1.69366197183099,NA
10,2016,"Male",284,5,0.5,0.373665480427046,1.27102803738318,2.29577464788732,2.76760563380282,4.10211267605634,2.01056338028169,7.85211267605634,11.1760563380282,NA,NA,6.02932862190813,2.89748490945674,3.1147825271841,NA,1.58098591549296,NA
11,2016,"Female",342,NA,0.428571428571429,0.587020648967552,1.42574257425743,1.64516129032258,2.97653958944282,3.26470588235294,1.74486803519062,8.32844574780059,9.64117647058823,NA,NA,6.12823529411765,2.8906850459482,3.26077523159434,NA,1.73156342182891,NA
11,2016,"Male",285,5,0.4,0.526690391459075,1.37837837837838,2.21631205673759,2.59219858156028,4.13829787234043,1.96099290780142,7.61702127659574,10.9078014184397,NA,NA,5.96056338028169,2.86389168343394,3.23134920634921,NA,1.59929078014184,NA
12,2016,"Female",293,1,0.884615384615385,0.712328767123288,1.60386473429952,1.8839590443686,3.09215017064846,3.32764505119454,1.58361774744027,8.22260273972603,9.88737201365188,NA,NA,5.97224118316268,2.85434747277751,3.19921085858586,NA,1.78620689655172,NA
12,2016,"Male",336,2.5,0.545454545454545,0.663636363636364,1.41777777777778,2.23880597014925,2.30538922155689,4.18263473053892,1.7134328358209,7.61011904761905,10.4264264264264,NA,NA,5.99276447105788,2.79335317460317,3.20740266790755,NA,1.6377245508982,NA
13,2016,"Female",277,3.5,0.741379310344828,0.88086642599278,1.9672131147541,1.99275362318841,3.60144927536232,3.73188405797101,1.93115942028985,8.02536231884058,11.2572463768116,NA,NA,5.62487922705314,2.80436651194774,3.21142159792787,NA,1.85559566787004,NA
13,2016,"Male",270,1.71428571428571,0.907407407407407,0.776951672862453,1.47142857142857,2.1635687732342,2.30111524163569,4.05947955390335,1.93308550185874,7.23420074349442,10.457249070632,NA,NA,5.81173533083645,2.75068783068783,3.25602935139573,NA,1.68164794007491,NA
14,2016,"Female",338,2.82142857142857,1,0.907462686567164,2.08580858085809,1.87573964497041,3.88427299703264,3.87537091988131,1.94955489614243,7.86943620178042,11.5845697329377,NA,NA,5.50786350148368,2.76519442096365,3.22688212608987,NA,1.88724035608309,NA
14,2016,"Male",331,2.76470588235294,1.02173913043478,0.805471124620061,1.53759398496241,2.19817073170732,2.3914373088685,4.00305810397554,1.85932721712538,7.03048780487805,10.4233128834356,NA,NA,5.82017276422764,2.71249460509279,3.31728070175439,NA,1.63525835866261,NA
15,2016,"Female",294,2.72222222222222,1.1,0.901023890784983,2.19391634980989,1.97250859106529,4.10996563573883,3.71134020618557,2.09278350515464,7.92832764505119,11.8865979381443,NA,NA,5.49470989761092,2.75131195335277,3.2172619047619,NA,1.77474402730375,NA
15,2016,"Male",296,3.37037037037037,1.08823529411765,0.881533101045296,1.75675675675676,2.08843537414966,2.29591836734694,3.89455782312925,2.01694915254237,7.01706484641638,10.2764505119454,NA,NA,5.74681456200228,2.77503217503217,3.37306030520316,NA,1.59661016949153,NA
10,2017,"Female",275,1,0.0352112676056338,0.553113553113553,1.23841059602649,NA,NA,NA,NA,NA,NA,4.06593406593407,NA,6.0772506082725,3.2639405204461,NA,3.19751322751323,2.0018315018315,1.58016044561499
10,2017,"Male",275,1,0.0429447852760736,0.48,1.18461538461538,NA,NA,NA,NA,NA,NA,4.02573529411765,NA,5.98339393939394,3.26568265682657,NA,3.16571080987139,2.15328467153285,1.4802360972361
11,2017,"Female",246,1,0.0275862068965517,0.704918032786885,1.45029239766082,NA,NA,NA,NA,NA,NA,4,NA,6.03442176870748,3.23651452282158,NA,3.15065597667638,2.04897959183673,1.43103464963221
11,2017,"Male",270,2,0.0638297872340425,0.654275092936803,1.32183908045977,NA,NA,NA,NA,NA,NA,3.98513011152416,NA,5.91407407407407,3.17424242424242,NA,3.18664070891514,2.20224719101124,1.52933081478621
12,2017,"Female",290,1.5,0.122093023255814,0.889273356401384,1.5875486381323,NA,NA,NA,NA,NA,NA,3.80985915492958,NA,5.83241379310345,3.13636363636364,NA,3.13381283068783,2.14827586206897,1.4300641025641
12,2017,"Male",244,1.83333333333333,0.111111111111111,0.805785123966942,1.46153846153846,NA,NA,NA,NA,NA,NA,3.83884297520661,NA,5.8082304526749,3.21008403361345,NA,3.11756198347107,2.14256198347107,1.41179930042635
13,2017,"Female",277,1.41666666666667,0.25,0.909747292418773,1.83333333333333,NA,NA,NA,NA,NA,NA,3.77256317689531,NA,5.73339350180505,3.21454545454545,NA,3.10172769468798,2.06317689530686,1.31308449372529
13,2017,"Male",300,1.58333333333333,0.242718446601942,0.883333333333333,1.48679245283019,NA,NA,NA,NA,NA,NA,3.78929765886288,NA,5.79035674470457,3.12080536912752,NA,3.19362159579551,2.185,1.33753279128279
14,2017,"Female",260,1.73684210526316,0.653846153846154,0.976833976833977,2.07539682539683,NA,NA,NA,NA,NA,NA,3.5968992248062,NA,5.45096525096525,3.07751937984496,NA,2.97651222651223,2.16602316602317,1.34035522071236
14,2017,"Male",232,1.64705882352941,0.556962025316456,0.913419913419913,1.61244019138756,NA,NA,NA,NA,NA,NA,3.9,NA,5.81919191919192,3.07522123893805,NA,3.18096277812435,2.08478260869565,1.37447896930656
15,2017,"Female",302,2.21153846153846,0.861788617886179,0.973421926910299,2.10344827586207,NA,NA,NA,NA,NA,NA,3.60810810810811,NA,5.32544150110375,2.94333333333333,NA,2.93702696310312,2.10797342192691,1.26497965334886
15,2017,"Male",292,2.67647058823529,0.778846153846154,0.928082191780822,1.76865671641791,NA,NA,NA,NA,NA,NA,3.70934256055363,NA,5.60775862068966,2.92013888888889,NA,3.12497545409917,2.13620689655172,1.2302045414631
16,2017,"Female",4,NA,0,1,1.25,NA,NA,NA,NA,NA,NA,4,NA,5.54166666666667,3,NA,3.0625,2.125,0.96875
16,2017,"Male",5,5,1,0.8,1.25,NA,NA,NA,NA,NA,NA,4.2,NA,5.3,2.8,NA,3.325,2,1.375
10,2018,"Female",227,3,0.454545454545455,0.526548672566372,1.4406779661017,1.77777777777778,2.72,3.47555555555556,1.71555555555556,8.47787610619469,9.68888888888889,NA,2.91517857142857,6.1882962962963,2.89555275854835,3.24218374218374,NA,1.77333333333333,NA
10,2018,"Male",233,1,0.333333333333333,0.443965517241379,1.51960784313725,2.1038961038961,2.34782608695652,3.98260869565217,2.02597402597403,7.90909090909091,10.4478260869565,NA,2.83478260869565,5.98419540229885,2.92831596157776,3.17406380027739,NA,1.84513274336283,NA
11,2018,"Female",258,1.5,0.909090909090909,0.763565891472868,1.51794871794872,1.69260700389105,2.96887159533074,3.42801556420233,1.91796875,8.4921875,10.0078125,NA,2.87795275590551,6.07122395833333,2.84181026496202,3.3203125,NA,1.83529411764706,NA
11,2018,"Male",238,1.66666666666667,0.55,0.632911392405063,1.58783783783784,2.19574468085106,2.4549356223176,4.11637931034483,1.79399141630901,7.5,10.5584415584416,NA,2.86695278969957,5.93418079096045,2.8531712685074,3.14028944911298,NA,1.79203539823009,NA
12,2018,"Female",219,1.5,0.666666666666667,0.875576036866359,1.75263157894737,1.83410138248848,3.3594470046083,3.60829493087558,1.90783410138249,8.27188940092166,10.7096774193548,NA,2.87155963302752,5.857910906298,2.84281365514242,3.30206799214531,NA,1.86448598130841,NA
12,2018,"Male",251,1.5,0.586206896551724,0.854251012145749,1.55502392344498,2.02845528455285,2.58130081300813,4.18292682926829,1.89024390243902,7.59919028340081,10.6571428571429,NA,2.81048387096774,5.83480589022758,2.76298615063555,3.2459673959674,NA,1.83673469387755,NA
13,2018,"Female",254,1.75,0.910714285714286,0.936254980079681,2.10212765957447,1.8531746031746,3.72619047619048,3.68253968253968,1.83794466403162,8.02766798418972,11.1071428571429,NA,2.90438247011952,5.63484251968504,2.78942632170979,3.14246941896024,NA,1.84126984126984,NA
13,2018,"Male",211,1.6,0.868421052631579,0.895734597156398,1.63297872340426,2.14218009478673,2.64454976303318,4.43601895734597,1.92417061611374,7.30331753554502,11.1469194312796,NA,2.80769230769231,5.6195102685624,2.7872150756037,3.27513227513228,NA,1.8133971291866,NA
14,2018,"Female",234,2.66666666666667,1.0873786407767,0.957264957264957,2.10313901345291,1.72103004291845,3.85407725321888,3.53218884120172,1.82403433476395,8.11158798283262,10.931330472103,NA,2.88412017167382,5.50527065527065,2.78055555555556,3.18450604122246,NA,1.90948275862069,NA
14,2018,"Male",254,1.38888888888889,1.05376344086022,0.932539682539683,1.90128755364807,2.07936507936508,2.3968253968254,4.21343873517787,1.8695652173913,7.21343873517787,10.5357142857143,NA,2.86111111111111,5.69499341238472,2.72471296819123,3.23659259259259,NA,1.92460317460317,NA
15,2018,"Female",212,1.93333333333333,1.20472440944882,0.985849056603774,2.28985507246377,1.95714285714286,4.37142857142857,4.06635071090047,2.32701421800948,7.90995260663507,12.7238095238095,NA,2.84834123222749,5.21603773584906,2.75950134770889,3.23074352548037,NA,1.89622641509434,NA
15,2018,"Male",218,1.96153846153846,1.23333333333333,0.931192660550459,1.90049751243781,1.89400921658986,2.49769585253456,3.94930875576037,1.97235023041475,7.01382488479263,10.3133640552995,NA,2.88425925925926,5.67281105990783,2.68942769768458,3.30918837148119,NA,1.73148148148148,NA
16,2018,"Female",6,1,1.33333333333333,1,2.16666666666667,0.666666666666667,3.66666666666667,2.33333333333333,0.5,8.33333333333333,7.16666666666667,NA,3,6,2.80952380952381,3.45,NA,1.5,NA
16,2018,"Male",6,1,1.66666666666667,1,1.83333333333333,1.33333333333333,2.16666666666667,2.83333333333333,1.33333333333333,7,7.66666666666667,NA,3,5.88888888888889,2.9047619047619,3.75,NA,1.33333333333333,NA
10,2019,"Female",204,2,1.57142857142857,0.492610837438424,1.19,NA,NA,NA,NA,NA,NA,4.17733990147783,2.92964824120603,6.11274509803922,3.25742574257426,NA,3.25816326530612,2.20343137254902,1.33728493728494
10,2019,"Male",181,1.2,0.636363636363636,0.458100558659218,1.13414634146341,NA,NA,NA,NA,NA,NA,4.02777777777778,2.85555555555556,5.98333333333333,3.22905027932961,NA,3.21130952380952,2.21067415730337,1.30883977900552
11,2019,"Female",204,1.83333333333333,0.5,0.738916256157635,1.52666666666667,NA,NA,NA,NA,NA,NA,4.04433497536946,2.88669950738916,6.02892156862745,3.25615763546798,NA,3.2200328407225,2.21674876847291,1.38478735316971
11,2019,"Male",215,2,0.615384615384615,0.635514018691589,1.38970588235294,NA,NA,NA,NA,NA,NA,3.93457943925234,2.79439252336449,5.92100775193798,3.42790697674419,NA,3.20852713178295,2.23364485981308,1.23736865638274
12,2019,"Female",221,1,0.615384615384615,0.844748858447489,1.58152173913043,NA,NA,NA,NA,NA,NA,3.85,2.88181818181818,5.8235294117647,3.34545454545455,NA,3.11325684119802,2.27601809954751,1.28722921121111
12,2019,"Male",194,1.33333333333333,0.652173913043478,0.766839378238342,1.48648648648649,NA,NA,NA,NA,NA,NA,3.953125,2.82722513089005,5.69240069084629,3.26178010471204,NA,3.16542009473947,2.26683937823834,1.23874432993604
13,2019,"Female",205,1.66666666666667,0.8,0.926829268292683,1.80952380952381,NA,NA,NA,NA,NA,NA,3.64356435643564,2.85074626865672,5.49211382113821,3.18536585365854,NA,2.968779178338,2.31707317073171,1.21183369476052
13,2019,"Male",227,2.08333333333333,0.829787234042553,0.902222222222222,1.46534653465347,NA,NA,NA,NA,NA,NA,3.87111111111111,2.82959641255605,5.76002949852507,3.05309734513274,NA,3.19816687737042,2.29295154185022,1.19912803789456
14,2019,"Female",235,1.85714285714286,1.10204081632653,0.927038626609442,2.13023255813953,NA,NA,NA,NA,NA,NA,3.65811965811966,2.84913793103448,5.3622695035461,2.92274678111588,NA,2.92161172161172,2.31489361702128,1.15037019717871
14,2019,"Male",178,2.875,0.745762711864407,0.909604519774011,1.70625,NA,NA,NA,NA,NA,NA,3.72727272727273,2.79545454545455,5.51883239171375,3.05084745762712,NA,3.07784911717496,2.19491525423729,1.14865003909948
15,2019,"Female",212,1.78571428571429,1.26271186440678,0.943396226415094,2.03,NA,NA,NA,NA,NA,NA,3.59715639810427,2.86124401913876,5.2751572327044,3.01895734597156,NA,2.92095463777928,2.26179245283019,1.14575471698113
15,2019,"Male",222,2.42424242424242,1.36363636363636,0.945945945945946,1.81428571428571,NA,NA,NA,NA,NA,NA,3.71171171171171,2.84615384615385,5.50975975975976,2.91441441441441,NA,3.08212676962677,2.2027027027027,1.05898755898756
16,2019,"Female",6,1,1,1,1.83333333333333,NA,NA,NA,NA,NA,NA,3.66666666666667,3,5.61111111111111,3.33333333333333,NA,3.125,2.16666666666667,1.41111111111111
16,2019,"Male",2,1,3,1,2,NA,NA,NA,NA,NA,NA,4,2.5,6.58333333333333,4,NA,3.5625,2.25,0.533333333333333
10,2020,"Female",155,NA,0,0.541935483870968,1.43373493975904,1.88387096774194,3.0258064516129,3.52903225806452,2.03870967741935,8.45161290322581,10.4774193548387,4.13071895424837,2.92903225806452,6.06644880174292,2.89247311827957,3.17586206896552,NA,1.73856209150327,NA
10,2020,"Male",181,1,0.666666666666667,0.538888888888889,1.68041237113402,2.25139664804469,2.92737430167598,4.72625698324022,2.20111731843575,7.6927374301676,12.1061452513966,4.00558659217877,2.83977900552486,5.95898876404494,2.87659826361484,3.12017276422764,NA,1.90555555555556,NA
11,2020,"Female",172,NA,0.5,0.723529411764706,1.5655737704918,1.82558139534884,3.06976744186047,3.44186046511628,1.67441860465116,8.31976744186047,10.0116279069767,4.06508875739645,2.86549707602339,5.98011695906433,2.87927740863787,3.23455598455598,NA,1.75903614457831,NA
11,2020,"Male",172,3,0.583333333333333,0.738372093023256,1.55555555555556,2.29239766081871,2.54970760233918,4.21637426900585,2.09941520467836,7.69590643274854,11.1578947368421,4.08235294117647,2.8,5.89365079365079,2.83965946843854,3.11715195632393,NA,1.92307692307692,NA
12,2020,"Female",174,1,0.428571428571429,0.890804597701149,1.81699346405229,1.86206896551724,3.26436781609195,3.93103448275862,1.59770114942529,8.20689655172414,10.6551724137931,3.91812865497076,2.87790697674419,5.78604651162791,2.85919540229885,3.27206551410373,NA,1.84883720930233,NA
12,2020,"Male",177,1,0.476190476190476,0.847457627118644,1.59333333333333,2.17045454545455,2.44886363636364,4.00568181818182,1.83522727272727,7.52272727272727,10.4602272727273,3.96590909090909,2.7909604519774,5.83939393939394,2.8302125369922,3.15672845087402,NA,1.87005649717514,NA
13,2020,"Female",197,1.75,0.88,0.928934010152284,2.07650273224044,1.90355329949239,3.95431472081218,3.89340101522843,2.10152284263959,8.0507614213198,11.8527918781726,3.73846153846154,2.85128205128205,5.61319796954315,2.84266376601402,3.19149159663866,NA,1.87817258883249,NA
13,2020,"Male",187,1.14285714285714,0.857142857142857,0.877005347593583,1.74233128834356,1.91397849462366,2.51612903225806,3.95698924731183,2.06451612903226,7.12903225806452,10.4516129032258,3.89784946236559,2.79144385026738,5.69528985507246,2.73144894321365,3.20541191936897,NA,1.77956989247312,NA
14,2020,"Female",162,1.57142857142857,0.964912280701754,0.975155279503106,2.19108280254777,1.90123456790123,4.1055900621118,4.11180124223602,2.21604938271605,7.90062111801242,12.3354037267081,3.62962962962963,2.7888198757764,5.34347826086957,2.7723544973545,3.2171378968254,NA,1.90740740740741,NA
14,2020,"Male",184,1.88888888888889,0.985507246376812,0.940217391304348,1.8728323699422,1.8695652173913,2.71739130434783,3.98369565217391,1.92934782608696,7.05434782608696,10.5,3.87978142076503,2.76502732240437,5.64590163934426,2.71239648033126,3.29940119760479,NA,1.86740331491713,NA
15,2020,"Female",197,2,1.27731092436975,0.974619289340102,2.21875,2.00510204081633,4.85204081632653,4.18367346938776,1.99489795918367,7.95918367346939,13.0357142857143,3.45177664974619,2.82233502538071,5.10807560137457,2.77800338409475,3.09072978303748,NA,1.92857142857143,NA
15,2020,"Male",140,2.94736842105263,1.08955223880597,0.935714285714286,1.96153846153846,2.21428571428571,2.98571428571429,4.37857142857143,2.19285714285714,6.81428571428571,11.7714285714286,3.67625899280576,2.77857142857143,5.42833333333333,2.68952380952381,3.3752035002035,NA,1.96402877697842,NA
16,2020,"Female",2,1,2.5,1,2.5,4,7.5,6,2,7.5,19.5,3,3,4.66666666666667,2.51428571428572,3.125,NA,2.5,NA
10,2021,"Female",116,1.66666666666667,0.5,0.643478260869565,1.40540540540541,NA,NA,NA,NA,NA,NA,4.10344827586207,2.91379310344828,5.97758620689655,3.34782608695652,NA,3.1582298136646,2.40086206896552,1.38731527093596
10,2021,"Male",133,1,0.333333333333333,0.518796992481203,1.55072463768116,NA,NA,NA,NA,NA,NA,4.07518796992481,2.80451127819549,5.94772727272727,3.5,NA,3.22296813462227,2.45075757575758,1.14929356357928
11,2021,"Female",130,1.5,0.2,0.75968992248062,1.52127659574468,NA,NA,NA,NA,NA,NA,4.05384615384615,2.82945736434109,5.873046875,3.41860465116279,NA,3.16190476190476,2.41923076923077,1.30654797398983
11,2021,"Male",138,2.33333333333333,0.583333333333333,0.666666666666667,1.43333333333333,NA,NA,NA,NA,NA,NA,4.10144927536232,2.85507246376812,5.95917874396135,3.46323529411765,NA,3.16875217240181,2.56521739130435,1.18419599723948
12,2021,"Female",159,1,0.608695652173913,0.80503144654088,1.6328125,NA,NA,NA,NA,NA,NA,3.89873417721519,2.86624203821656,5.57442348008386,3.34591194968553,NA,3.0093066786463,2.58805031446541,1.23205369054426
12,2021,"Male",143,1.33333333333333,0.619047619047619,0.839160839160839,1.59663865546218,NA,NA,NA,NA,NA,NA,3.99280575539568,2.79432624113475,5.69230769230769,3.39716312056738,NA,3.12294600938967,2.6048951048951,1.13943663174432
13,2021,"Female",131,1,1.03125,0.877862595419847,1.74782608695652,NA,NA,NA,NA,NA,NA,3.81538461538462,2.81538461538462,5.39769230769231,3.30534351145038,NA,2.97641766630316,2.78461538461538,1.17003607079943
13,2021,"Male",156,1.33333333333333,0.875,0.864516129032258,1.70454545454545,NA,NA,NA,NA,NA,NA,4.00641025641026,2.8525641025641,5.72649572649573,3.41025641025641,NA,3.11149267399267,2.65384615384615,1.12675401521555
14,2021,"Female",165,1.2,1.11864406779661,0.921212121212121,1.94039735099338,NA,NA,NA,NA,NA,NA,3.70807453416149,2.84242424242424,5.3369696969697,3.33939393939394,NA,2.91604965156794,2.8030303030303,1.16176046176046
14,2021,"Male",140,1.33333333333333,0.902439024390244,0.840579710144927,1.8,NA,NA,NA,NA,NA,NA,3.9568345323741,2.77857142857143,5.70654761904762,3.32374100719424,NA,3.09886128364389,2.74285714285714,1.10518544947116
15,2021,"Female",123,1.29411764705882,1.015625,0.975609756097561,1.70833333333333,NA,NA,NA,NA,NA,NA,3.68292682926829,2.84426229508197,5.22493224932249,3.29268292682927,NA,2.90635888501742,2.8130081300813,1.18416569879985
15,2021,"Male",127,2.5,1.35087719298246,0.905511811023622,1.8,NA,NA,NA,NA,NA,NA,3.84251968503937,2.8015873015873,5.47645502645503,3.10236220472441,NA,3.03697975253093,2.82677165354331,1.04791901012373
16,2021,"Female",1,NA,NA,1,2,NA,NA,NA,NA,NA,NA,3,3,4.66666666666667,4,NA,3,2.5,1.28571428571429
10,2022,"Female",149,1,0.25,0.577181208053691,1.5952380952381,1.87162162162162,3.59183673469388,3.87162162162162,1.92567567567568,8.18918918918919,11.2585034013605,NA,2.85034013605442,5.88590604026846,2.88071268775967,3.05459054834055,NA,2.08163265306122,NA
10,2022,"Male",124,3,1.4,0.556451612903226,1.56521739130435,2.14634146341463,2.89430894308943,4.48780487804878,1.97560975609756,7.77235772357724,11.5040650406504,NA,2.86178861788618,6.0241935483871,2.89005376344086,3.16162591162591,NA,2.04032258064516,NA
11,2022,"Female",138,1,0.444444444444444,0.744525547445255,1.64356435643564,1.94852941176471,3.5,3.75,1.94852941176471,8.14705882352941,11.1470588235294,NA,2.91240875912409,5.77773722627737,2.8691856452726,3.2288665879575,NA,2.27737226277372,NA
11,2022,"Male",134,1,0.1,0.559701492537313,1.67567567567568,2.14285714285714,2.94736842105263,4.73880597014925,2.11940298507463,7.7910447761194,11.9848484848485,NA,2.79699248120301,6.05126262626263,2.86791044776119,3.17164408866995,NA,2.24812030075188,NA
12,2022,"Female",152,1,0.818181818181818,0.828947368421053,1.6984126984127,1.96710526315789,3.82119205298013,4.3112582781457,1.79605263157895,8.04605263157895,11.9333333333333,NA,2.86842105263158,5.66666666666667,2.86428571428571,3.12168367346939,NA,2.25165562913907,NA
12,2022,"Male",151,5,0.714285714285714,0.834437086092715,1.62698412698413,1.94666666666667,2.6530612244898,4.16666666666667,1.8,7.26666666666667,10.4149659863946,NA,2.86754966887417,5.78774834437086,2.86333964049196,3.25957482993197,NA,2.20134228187919,NA
13,2022,"Female",158,1.66666666666667,0.976190476190476,0.90506329113924,1.73239436619718,2.16455696202532,4.39873417721519,4.71974522292994,2.10759493670886,7.5253164556962,13.3694267515924,NA,2.79487179487179,5.29883966244726,2.84392706449668,3.02086466165414,NA,2.41290322580645,NA
13,2022,"Male",134,1,0.818181818181818,0.865671641791045,1.6551724137931,1.84962406015038,2.75373134328358,4.33834586466165,1.88805970149254,7.18796992481203,10.8646616541353,NA,2.75373134328358,5.71691542288557,2.72942430703625,3.15486194477791,NA,2.36567164179104,NA
14,2022,"Female",159,2.63636363636364,1.15625,0.936708860759494,1.83783783783784,2.09493670886076,4.92356687898089,4.75316455696202,2.56962025316456,7.62658227848101,14.375796178344,NA,2.81132075471698,5.16090146750524,2.78971248876909,3.27081095596133,NA,2.55483870967742,NA
14,2022,"Male",155,1.5,1.22727272727273,0.896774193548387,1.80575539568345,1.85714285714286,2.81818181818182,4.11688311688312,2.04545454545455,7.01307189542484,10.8376623376623,NA,2.79354838709677,5.68290043290043,2.72596006144393,3.27122724089636,NA,2.4025974025974,NA
15,2022,"Female",172,2.2,1.3804347826087,0.959302325581395,1.95151515151515,1.80232558139535,4.62790697674419,4.69767441860465,2.56395348837209,7.83720930232558,13.6918604651163,NA,2.78488372093023,5.23450980392157,2.76035437430786,3.23507712944333,NA,2.66860465116279,NA
15,2022,"Male",139,1.2,1.07462686567164,0.942446043165468,1.85384615384615,1.51079136690647,2.70503597122302,4.15827338129496,2.14388489208633,7.19424460431655,10.5179856115108,NA,2.85401459854015,5.55314009661836,2.68902021240151,3.32142857142857,NA,2.45652173913044,NA
16,2022,"Female",1,NA,2,1,2,1,6,3,0,8,10,NA,3,5.33333333333333,2.28571428571429,4,NA,2,NA
10,2023,"Female",150,1.5,1,0.543624161073825,1.34177215189873,NA,NA,NA,NA,NA,NA,4.14666666666667,2.81208053691275,5.83176733780761,3.34,NA,3.19551587301587,2.36666666666667,1.54497014097014
10,2023,"Male",117,NA,0,0.58974358974359,1.70149253731343,NA,NA,NA,NA,NA,NA,4,2.83620689655172,5.82621082621083,3.4051724137931,NA,3.13838013838014,2.44017094017094,1.29813092890016
11,2023,"Female",144,NA,0.166666666666667,0.722222222222222,1.51960784313725,NA,NA,NA,NA,NA,NA,4,2.85416666666667,5.65524475524476,3.29166666666667,NA,3.11164021164021,2.61188811188811,1.40695207570208
11,2023,"Male",109,1.5,0.5,0.688073394495413,1.5,NA,NA,NA,NA,NA,NA,3.92592592592593,2.8411214953271,5.71064814814815,3.34259259259259,NA,3.17458497160332,2.61926605504587,1.24285714285714
12,2023,"Female",142,1,0.95,0.866197183098592,1.57851239669421,NA,NA,NA,NA,NA,NA,3.83098591549296,2.88732394366197,5.33498817966903,3.21985815602837,NA,3.03412139503689,2.70212765957447,1.32113320951349
12,2023,"Male",130,1,0.714285714285714,0.761538461538461,1.5979381443299,NA,NA,NA,NA,NA,NA,3.97692307692308,2.80769230769231,5.71025641025641,3.4,NA,3.16794871794872,2.66153846153846,1.26111820995542
13,2023,"Female",137,2,0.705882352941177,0.91970802919708,1.752,NA,NA,NA,NA,NA,NA,3.93333333333333,2.85074626865672,5.39338235294118,3.28888888888889,NA,2.99889770723104,2.71897810218978,1.33833587337237
13,2023,"Male",142,1.33333333333333,0.65625,0.851063829787234,1.75423728813559,NA,NA,NA,NA,NA,NA,4.0709219858156,2.80714285714286,5.71173708920188,3.36170212765957,NA,3.15662782843634,2.73943661971831,1.15789738430584
14,2023,"Female",155,1.58333333333333,1.12121212121212,0.929032258064516,1.80555555555556,NA,NA,NA,NA,NA,NA,3.61038961038961,2.77922077922078,5.06559139784946,3.05844155844156,NA,2.90334869431644,2.91290322580645,1.22436251920123
14,2023,"Male",124,1.8,1.06382978723404,0.919354838709677,1.83333333333333,NA,NA,NA,NA,NA,NA,3.7741935483871,2.8130081300813,5.50672043010753,3.26612903225806,NA,3.07525921658986,2.77016129032258,1.18979165995295
15,2023,"Female",143,2.21052631578947,1.2125,0.937062937062937,1.84962406015038,NA,NA,NA,NA,NA,NA,3.62937062937063,2.77622377622378,5.04859154929578,3.02127659574468,NA,2.88394938394938,2.96153846153846,1.21575091575092
15,2023,"Male",130,2,1.42857142857143,0.907692307692308,1.88034188034188,NA,NA,NA,NA,NA,NA,3.96124031007752,2.75968992248062,5.50542635658915,3.24031007751938,NA,3.12119963369963,2.78846153846154,1.12051282051282
10,2024,"Female",113,NA,0,0.584070796460177,1.31666666666667,1.96428571428571,3.17857142857143,3.81081081081081,1.84821428571429,8.51785714285714,10.7747747747748,NA,2.9,6.01547619047619,2.89953645174884,3.17029702970297,NA,1.95535714285714,NA
10,2024,"Male",115,1,0.25,0.6,1.56923076923077,2.30434782608696,3.33913043478261,4.48695652173913,2.07826086956522,7.70434782608696,12.2086956521739,NA,2.74561403508772,5.80927536231884,2.90207039337474,3.23293245869777,NA,2.18260869565217,NA
11,2024,"Female",119,1,0.5,0.647058823529412,1.66233766233766,2.04237288135593,3.52542372881356,3.93220338983051,2.13559322033898,7.95762711864407,11.635593220339,NA,2.88983050847458,5.70910364145658,2.81292517006803,3.12132352941176,NA,2.03418803418803,NA
11,2024,"Male",104,1.5,1,0.769230769230769,1.67532467532468,2.20388349514563,2.49038461538462,4.10679611650485,1.84466019417476,7.50961538461539,10.6960784313725,NA,2.9009900990099,5.79647435897436,2.9117673992674,3.14520089285714,NA,2.25252525252525,NA
12,2024,"Female",145,1,0.384615384615385,0.875862068965517,1.62204724409449,2.13888888888889,4.32638888888889,4.52447552447552,2.32167832167832,7.70833333333333,13.3496503496504,NA,2.85815602836879,5.34068965517241,2.88579638752053,3.09749423963134,NA,2.37931034482759,NA
12,2024,"Male",113,NA,0.571428571428571,0.79646017699115,1.53409090909091,1.93805309734513,2.92920353982301,4.47787610619469,1.99115044247788,7.39823008849558,11.3362831858407,NA,2.82142857142857,5.60117994100295,2.8598398651496,3.20498585572843,NA,2.28318584070796,NA
13,2024,"Female",113,1,0.923076923076923,0.929203539823009,1.70192307692308,2.38938053097345,4.46902654867257,5.00884955752212,2.23008849557522,7.74336283185841,14.0973451327434,NA,2.82300884955752,5.21076696165192,2.78862199747156,3.03451127819549,NA,2.46428571428571,NA
13,2024,"Male",115,1.33333333333333,0.6,0.852173913043478,1.84210526315789,2.30973451327434,2.64035087719298,4.35087719298246,2.20175438596491,7.17543859649123,11.5044247787611,NA,2.78947368421053,5.62028985507246,2.79345755693582,3.24621212121212,NA,2.29464285714286,NA
14,2024,"Female",124,1.5,1.16279069767442,0.911290322580645,1.74336283185841,1.77235772357724,4.58536585365854,4.82113821138211,1.82926829268293,7.89430894308943,13.0081300813008,NA,2.80645161290323,5.30216802168022,2.77776497695853,3.11304209183673,NA,2.45161290322581,NA
14,2024,"Male",125,2.28571428571429,1.09090909090909,0.919354838709677,1.90178571428571,1.888,2.52,4.232,1.944,6.75,10.584,NA,2.864,5.62133333333333,2.70731428571429,3.30034013605442,NA,2.5241935483871,NA
15,2024,"Female",136,1.66666666666667,1.24657534246575,0.933823529411765,1.74603174603175,1.97777777777778,4.93333333333333,4.56617647058824,2.42962962962963,7.59558823529412,13.8666666666667,NA,2.77941176470588,5.05637254901961,2.81934523809524,3.0731981981982,NA,2.5037037037037,NA
15,2024,"Male",111,1.57142857142857,1.32692307692308,0.90990990990991,1.72727272727273,2.05454545454545,2.85454545454545,4.5,2.25454545454545,6.90909090909091,11.6636363636364,NA,2.74774774774775,5.32393939393939,2.70903045903046,3.14327067669173,NA,2.43636363636364,NA
